fabric_sku,global_consumption_level,current_ats_stock,in_transit_stock_level,total_ecosystem_with_transit,total_ecosystem_without_transit,absorption_ratio_with_transit_pct,absorption_ratio_without_transit_pct
ABS08,18.05,118.42,0.0,136.47,136.47,13.23,13.23
ABS12,4.3,66.05,0.0,70.35,70.35,6.11,6.11
AEV08,0.0,0.0,0.0,0.0,0.0,0.0,0.0
AEV12,0.0,185.0,0.0,185.0,185.0,0.0,0.0
AEV41,0.0,140.8,0.0,140.8,140.8,0.0,0.0
AIR08,73.31,0.0,0.0,73.31,73.31,100.0,100.0
AIR12,0.0,0.0,0.0,0.0,0.0,0.0,0.0
ALI03,0.0,0.0,0.0,0.0,0.0,0.0,0.0
ALI08,1196.19,91.56,450.0,1737.75,1287.75,68.84,92.89
ALI12,0.0,0.0,0.0,0.0,0.0,0.0,0.0
AMO08,0.0,0.0,0.0,0.0,0.0,0.0,0.0
AMO40,0.0,0.0,0.0,0.0,0.0,0.0,0.0
ANA08,61.45,179.77,0.0,241.22,241.22,25.47,25.47
ANA13,0.0,42.5,0.0,42.5,42.5,0.0,0.0
ARB08,5.02,80.63,0.0,85.65,85.65,5.86,5.86
ARB12,0.0,0.0,0.0,0.0,0.0,0.0,0.0
ARI08,42.94,51.08,0.0,94.02,94.02,45.67,45.67
ARI12,0.0,58.34,0.0,58.34,58.34,0.0,0.0
ARP08,0.0,60.32,0.0,60.32,60.32,0.0,0.0
ART08,0.0,0.0,0.0,0.0,0.0,0.0,0.0
ART12,7.8,261.19,0.0,268.99,268.99,2.9,2.9
ATO08,9.9,2.2,0.0,12.1,12.1,81.82,81.82
ATO12,0.0,0.0,0.0,0.0,0.0,0.0,0.0
AUR08,485.56,118.42,50.0,653.98,603.98,74.25,80.39
AUR12,121.3,106.0,0.0,227.3,227.3,53.37,53.37
AVE08,221.36,86.6,200.0,507.96,307.96,43.58,71.88
AVE36,25.7,34.3,0.0,60.0,60.0,42.83,42.83
AYE29,876.25,718.9,50.0,1645.15,1595.15,53.26,54.93
BAH28,0.0,0.0,0.0,0.0,0.0,0.0,0.0
BAL22,0.0,0.0,0.0,0.0,0.0,0.0,0.0
BAN27,92.2,113.05,0.0,205.25,205.25,44.92,44.92
BAO08,3.58,1.0,0.0,4.58,4.58,78.17,78.17
BAT08,30.53,45.16,0.0,75.69,75.69,40.34,40.34
BAT12,0.0,101.6,0.0,101.6,101.6,0.0,0.0
BAY12,0.0,0.0,0.0,0.0,0.0,0.0,0.0
BEA27,48.2,0.0,0.0,48.2,48.2,100.0,100.0
BEL08,39.12,2.18,0.0,41.3,41.3,94.72,94.72
BEL12,81.5,238.42,0.0,319.92,319.92,25.48,25.48
BIJ28,0.0,0.0,0.0,0.0,0.0,0.0,0.0
BIN27,2.96,0.33,0.0,3.29,3.29,89.97,89.97
BLO08,0.0,0.0,0.0,0.0,0.0,0.0,0.0
BLO12,0.0,75.87,0.0,75.87,75.87,0.0,0.0
BWA08,189.78,125.45,0.0,315.23,315.23,60.2,60.2
BYU28,0.0,0.0,0.0,0.0,0.0,0.0,0.0
CAR08,163.1,37.9,0.0,201.0,201.0,81.14,81.14
CAR12,0.0,0.0,0.0,0.0,0.0,0.0,0.0
CAS08,243.66,231.84,0.0,475.5,475.5,51.24,51.24
CAS40,0.0,0.0,0.0,0.0,0.0,0.0,0.0
CHI08,264.03,23.23,196.0,483.26,287.26,54.64,91.91
CIE08,0.0,0.0,0.0,0.0,0.0,0.0,0.0
CIE12,0.0,0.0,0.0,0.0,0.0,0.0,0.0
COC08,236.85,252.7,0.0,489.55,489.55,48.38,48.38
COC12,128.5,0.0,0.0,128.5,128.5,100.0,100.0
COC36,2.0,0.0,0.0,2.0,2.0,100.0,100.0
COL08,0.0,90.0,0.0,90.0,90.0,0.0,0.0
COR08,229.67,146.28,0.0,375.95,375.95,61.09,61.09
COS08,75.87,6.4,0.0,82.27,82.27,92.22,92.22
DHA20,156.52,17.28,0.0,173.8,173.8,90.06,90.06
DOR08,384.92,181.28,80.0,646.2,566.2,59.57,67.98
DOR40,0.0,0.0,0.0,0.0,0.0,0.0,0.0
ELI08,7.0,2.54,0.0,9.54,9.54,73.38,73.38
ELI40,0.0,0.0,0.0,0.0,0.0,0.0,0.0
ELI41,0.0,0.0,0.0,0.0,0.0,0.0,0.0
ELL08,0.0,0.0,0.0,0.0,0.0,0.0,0.0
ELL40,0.0,0.0,0.0,0.0,0.0,0.0,0.0
FAM08,205.1,82.4,150.0,437.5,287.5,46.88,71.34
FIO08,3.86,69.42,0.0,73.28,73.28,5.27,5.27
FLO08,0.0,29.1,0.0,29.1,29.1,0.0,0.0
FRO08,0.0,0.0,0.0,0.0,0.0,0.0,0.0
FRO12,0.0,45.0,0.0,45.0,45.0,0.0,0.0
GAR08,0.0,0.0,0.0,0.0,0.0,0.0,0.0
GAR12,0.0,48.92,0.0,48.92,48.92,0.0,0.0
GEO08,0.0,0.0,0.0,0.0,0.0,0.0,0.0
GEO12,0.0,0.0,0.0,0.0,0.0,0.0,0.0
GUD08,0.0,0.0,0.0,0.0,0.0,0.0,0.0
GUD13,0.0,0.0,0.0,0.0,0.0,0.0,0.0
GYR08,192.82,277.57,0.0,470.39,470.39,40.99,40.99
HEB08,0.0,0.0,0.0,0.0,0.0,0.0,0.0
HER08,0.0,0.0,0.0,0.0,0.0,0.0,0.0
HER12,0.0,38.21,0.0,38.21,38.21,0.0,0.0
ILY08,0.0,96.6,0.0,96.6,96.6,0.0,0.0
IMA08,11.07,101.85,0.0,112.92,112.92,9.8,9.8
IMA12,0.0,0.0,0.0,0.0,0.0,0.0,0.0
IMB08,2.8,206.34,0.0,209.14,209.14,1.34,1.34
ISL08,8.2,40.68,0.0,48.88,48.88,16.78,16.78
ISL12,47.9,0.0,0.0,47.9,47.9,100.0,100.0
JAR08,29.0,88.34,0.0,117.34,117.34,24.71,24.71
JAR12,0.0,0.0,0.0,0.0,0.0,0.0,0.0
JOA08,70.13,0.0,0.0,70.13,70.13,100.0,100.0
JOA12,0.0,0.0,0.0,0.0,0.0,0.0,0.0
KAI08,0.0,0.0,0.0,0.0,0.0,0.0,0.0
KAI12,0.0,0.0,0.0,0.0,0.0,0.0,0.0
KAR08,0.0,0.0,0.0,0.0,0.0,0.0,0.0
KHE28,904.32,175.05,559.43,1638.8,1079.37,55.18,83.78
LAV08,171.31,1.85,0.0,173.16,173.16,98.93,98.93
LAV12,4.0,0.6,0.0,4.6,4.6,86.96,86.96
LIA08,0.0,0.0,0.0,0.0,0.0,0.0,0.0
LIL12,0.0,0.0,0.0,0.0,0.0,0.0,0.0
LIL32,0.0,0.0,0.0,0.0,0.0,0.0,0.0
LIL40,0.0,0.0,0.0,0.0,0.0,0.0,0.0
LIN04,0.0,0.0,0.0,0.0,0.0,0.0,0.0
LIN08,0.0,0.0,0.0,0.0,0.0,0.0,0.0
LIN09,21.9,135.14,0.0,157.04,157.04,13.95,13.95
LIN12,131.45,1.75,0.0,133.2,133.2,98.69,98.69
LIN13,0.0,35.55,0.0,35.55,35.55,0.0,0.0
LOA08,184.6,165.8,0.0,350.4,350.4,52.68,52.68
LOA12,43.7,34.8,50.0,128.5,78.5,34.01,55.67
LOA40,0.0,0.0,0.0,0.0,0.0,0.0,0.0
LUM08,263.81,70.97,132.0,466.78,334.78,56.52,78.8
LUM12,46.0,58.4,0.0,104.4,104.4,44.06,44.06
LUS08,0.0,0.0,0.0,0.0,0.0,0.0,0.0
LUS12,0.0,0.0,0.0,0.0,0.0,0.0,0.0
LUZ08,416.04,457.68,100.0,973.72,873.72,42.73,47.62
LUZ12,0.0,86.0,0.0,86.0,86.0,0.0,0.0
MAG08,0.0,1.5,0.0,1.5,1.5,0.0,0.0
MAG40,0.0,0.0,0.0,0.0,0.0,0.0,0.0
MAG41,0.0,0.0,0.0,0.0,0.0,0.0,0.0
MAJ12,0.0,0.0,0.0,0.0,0.0,0.0,0.0
MIR08,0.0,0.0,0.0,0.0,0.0,0.0,0.0
MIR41,0.0,0.0,0.0,0.0,0.0,0.0,0.0
NAL08,87.6,84.6,0.0,172.2,172.2,50.87,50.87
NAR08,45.55,0.0,0.0,45.55,45.55,100.0,100.0
NDA08,20.44,262.9,0.0,283.34,283.34,7.21,7.21
NDA13,0.0,29.9,0.0,29.9,29.9,0.0,0.0
NIL12,0.0,0.0,0.0,0.0,0.0,0.0,0.0
OMB08,77.8,0.3,0.0,78.1,78.1,99.62,99.62
OND27,23.3,113.35,0.0,136.65,136.65,17.05,17.05
ORI08,0.0,0.0,0.0,0.0,0.0,0.0,0.0
ORI12,0.0,0.0,0.0,0.0,0.0,0.0,0.0
ORI41,0.0,0.0,0.0,0.0,0.0,0.0,0.0
ORI64,0.0,0.0,0.0,0.0,0.0,0.0,0.0
PAL08,58.9,42.3,0.0,101.2,101.2,58.2,58.2
PET08,318.58,49.22,0.0,367.8,367.8,86.62,86.62
PET12,0.0,89.0,0.0,89.0,89.0,0.0,0.0
PLA08,12.9,37.83,0.0,50.73,50.73,25.43,25.43
PLA12,47.7,25.28,0.0,72.98,72.98,65.36,65.36
POP08,0.0,0.0,0.0,0.0,0.0,0.0,0.0
POP12,0.0,0.0,0.0,0.0,0.0,0.0,0.0
RAI08,28.4,0.0,0.0,28.4,28.4,100.0,100.0
RAK08,187.1,55.7,68.0,310.8,242.8,60.2,77.06
RAY08,56.6,131.36,0.0,187.96,187.96,30.11,30.11
RAY12,0.0,0.0,0.0,0.0,0.0,0.0,0.0
RAZ08,41.15,34.9,0.0,76.05,76.05,54.11,54.11
ROC08,1168.58,226.72,300.0,1695.3,1395.3,68.93,83.75
ROC12,206.0,58.2,75.0,339.2,264.2,60.73,77.97
SAB08,0.0,0.0,0.0,0.0,0.0,0.0,0.0
SAB12,0.0,0.0,0.0,0.0,0.0,0.0,0.0
SAB31,0.0,0.0,0.0,0.0,0.0,0.0,0.0
SAL08,0.0,0.0,0.0,0.0,0.0,0.0,0.0
SAL12,0.0,30.82,0.0,30.82,30.82,0.0,0.0
SAN08,666.76,0.0,310.0,976.76,666.76,68.26,100.0
SAN12,166.1,48.9,0.0,215.0,215.0,77.26,77.26
SCR08,72.13,0.0,0.0,72.13,72.13,100.0,100.0
SCR12,52.6,47.15,0.0,99.75,99.75,52.73,52.73
SEN08,352.22,0.0,250.0,602.22,352.22,58.49,100.0
SEN12,13.2,47.5,0.0,60.7,60.7,21.75,21.75
SHE08,73.8,0.0,0.0,73.8,73.8,100.0,100.0
SHE09,0.0,0.0,0.0,0.0,0.0,0.0,0.0
SHE12,0.0,0.0,0.0,0.0,0.0,0.0,0.0
SHE13,0.0,0.0,0.0,0.0,0.0,0.0,0.0
SIE08,459.84,39.2,345.0,844.04,499.04,54.48,92.14
SIE36,7.0,112.13,0.0,119.13,119.13,5.88,5.88
SIN08,0.0,0.0,0.0,0.0,0.0,0.0,0.0
SIR08,317.2,210.2,0.0,527.4,527.4,60.14,60.14
SIV28,43.5,10.55,0.0,54.05,54.05,80.48,80.48
SKY08,519.81,0.0,150.0,669.81,519.81,77.61,100.0
SKY12,41.4,66.5,0.0,107.9,107.9,38.37,38.37
SKY13,0.0,0.0,0.0,0.0,0.0,0.0,0.0
SOK08,0.0,0.0,0.0,0.0,0.0,0.0,0.0
SOL02,0.0,0.0,0.0,0.0,0.0,0.0,0.0
SOL04,0.0,0.0,0.0,0.0,0.0,0.0,0.0
SOL09,5.31,9.0,0.0,14.31,14.31,37.11,37.11
SOL10,0.0,0.0,0.0,0.0,0.0,0.0,0.0
SOL11,0.0,76.65,0.0,76.65,76.65,0.0,0.0
SOL14,884.8,2834.45,0.0,3719.25,3719.25,23.79,23.79
SOL15,0.0,0.0,0.0,0.0,0.0,0.0,0.0
SOL16,0.0,0.0,0.0,0.0,0.0,0.0,0.0
SOL17,7.4,238.2,0.0,245.6,245.6,3.01,3.01
SOL18,143.05,111.71,0.0,254.76,254.76,56.15,56.15
SOL19,0.0,79.25,0.0,79.25,79.25,0.0,0.0
SOR08,175.06,27.95,93.0,296.01,203.01,59.14,86.23
SUT08,0.0,0.0,0.0,0.0,0.0,0.0,0.0
SWI08,5.92,0.0,0.0,5.92,5.92,100.0,100.0
TAL26,9.9,0.0,0.0,9.9,9.9,100.0,100.0
TAO25,0.0,0.0,0.0,0.0,0.0,0.0,0.0
TEX08,148.05,56.7,0.0,204.75,204.75,72.31,72.31
TIK08,0.0,134.0,0.0,134.0,134.0,0.0,0.0
TIK41,13.9,153.44,0.0,167.34,167.34,8.31,8.31
TIL08,0.0,0.0,0.0,0.0,0.0,0.0,0.0
TIM12,0.0,43.0,0.0,43.0,43.0,0.0,0.0
TOI12,27.2,132.85,0.0,160.05,160.05,16.99,16.99
TOI41,101.2,22.6,0.0,123.8,123.8,81.74,81.74
TOY08,106.8,207.16,0.0,313.96,313.96,34.02,34.02
TUK08,70.69,169.61,0.0,240.3,240.3,29.42,29.42
TUK12,0.0,10.66,0.0,10.66,10.66,0.0,0.0
ULA08,1195.08,712.62,250.0,2157.7,1907.7,55.39,62.65
ULA12,133.8,37.8,60.0,231.6,171.6,57.77,77.97
VIN12,8.6,12.4,0.0,21.0,21.0,40.95,40.95
VIN40,0.0,0.0,0.0,0.0,0.0,0.0,0.0
WAI08,0.0,0.0,0.0,0.0,0.0,0.0,0.0
WAI12,0.0,0.0,0.0,0.0,0.0,0.0,0.0
WAL08,36.3,63.88,0.0,100.18,100.18,36.23,36.23
YRA08,0.0,0.0,0.0,0.0,0.0,0.0,0.0
ZAH23,13.56,61.58,0.0,75.14,75.14,18.05,18.05
ZAR04,0.0,25.6,0.0,25.6,25.6,0.0,0.0
ZAR08,0.0,0.0,0.0,0.0,0.0,0.0,0.0
ZAR13,0.0,32.1,0.0,32.1,32.1,0.0,0.0
ZEE08,0.0,0.0,0.0,0.0,0.0,0.0,0.0
ZEE24,646.68,142.62,150.0,939.3,789.3,68.85,81.93
ZEN08,31.54,103.53,0.0,135.07,135.07,23.35,23.35
ZEN13,0.0,0.0,0.0,0.0,0.0,0.0,0.0
ZEP08,76.66,70.9,0.0,147.56,147.56,51.95,51.95
ZES08,112.2,36.5,108.0,256.7,148.7,43.71,75.45
ZHY08,231.85,143.14,150.0,524.99,374.99,44.16,61.83
ZHY12,259.1,133.6,154.0,546.7,392.7,47.39,65.98
ZIM08,13.5,117.24,200.0,330.74,130.74,4.08,10.33
ZIM27,0.0,0.0,0.0,0.0,0.0,0.0,0.0
ZUL08,0.0,0.0,0.0,0.0,0.0,0.0,0.0
ZYB08,0.0,0.0,0.0,0.0,0.0,0.0,0.0
