fabric_sku,current_ats_meters,meters_in_transit,next_delivery_eta,avg_daily_burn_rate_meters,days_of_inventory_doi,prospective_oos_date,inventory_health_status
ABS08,118.42,0.0,,0.0743,1593.8,2031-01-26,🟢 Healthy (High Coverage)
ABS12,66.05,0.0,,0.0177,3731.6,2036-12-03,🟢 Healthy (High Coverage)
AEV08,0.0,0.0,,0.0,9999,OUT OF STOCK (OOS),🔴 ALERT: CRITICAL STOCKOUT
AEV12,185.0,0.0,,0.0,9999,No Active Demand Service,🟢 Healthy (No Active Demand)
AEV41,140.8,0.0,,0.0,9999,No Active Demand Service,🟢 Healthy (No Active Demand)
AIR08,0.0,0.0,,0.3017,0.0,OUT OF STOCK (OOS),🔴 ALERT: CRITICAL STOCKOUT
AIR12,0.0,0.0,,0.0,9999,OUT OF STOCK (OOS),🔴 ALERT: CRITICAL STOCKOUT
ALI03,0.0,0.0,,0.0,9999,OUT OF STOCK (OOS),🔴 ALERT: CRITICAL STOCKOUT
ALI08,91.56,650.0,2026-11-16,4.9226,18.6,2026-10-04,⚠️ WARNING: Buffer Breach (Supply in Transit)
ALI12,0.0,0.0,,0.0,9999,OUT OF STOCK (OOS),🔴 ALERT: CRITICAL STOCKOUT
AMO08,0.0,0.0,,0.0,9999,OUT OF STOCK (OOS),🔴 ALERT: CRITICAL STOCKOUT
AMO40,0.0,0.0,,0.0,9999,OUT OF STOCK (OOS),🔴 ALERT: CRITICAL STOCKOUT
ANA08,179.77,0.0,,0.2529,710.8,2028-08-26,🟢 Healthy (High Coverage)
ANA13,42.5,0.0,,0.0,9999,No Active Demand Service,🟢 Healthy (No Active Demand)
ARB08,80.63,0.0,,0.0207,3895.2,2037-05-15,🟢 Healthy (High Coverage)
ARB12,0.0,0.0,,0.0,9999,OUT OF STOCK (OOS),🔴 ALERT: CRITICAL STOCKOUT
ARI08,51.08,0.0,,0.1767,289.1,2027-07-01,🟢 Healthy (High Coverage)
ARI12,58.34,0.0,,0.0,9999,No Active Demand Service,🟢 Healthy (No Active Demand)
ARP08,60.32,0.0,,0.0,9999,No Active Demand Service,🟢 Healthy (No Active Demand)
ART08,0.0,0.0,,0.0,9999,OUT OF STOCK (OOS),🔴 ALERT: CRITICAL STOCKOUT
ART12,261.19,0.0,,0.0321,8136.8,2048-12-25,🟢 Healthy (High Coverage)
ATO08,2.2,0.0,,0.0407,54.1,2026-11-08,🟡 Safe Buffer
ATO12,0.0,0.0,,0.0,9999,OUT OF STOCK (OOS),🔴 ALERT: CRITICAL STOCKOUT
AUR08,118.42,50.0,2026-11-16,1.9982,59.3,2026-11-13,🟡 Safe Buffer
AUR12,106.0,72.0,,0.4992,212.3,2027-04-15,🟢 Healthy (High Coverage)
AVE08,86.6,200.0,2026-10-12,0.9109,95.1,2026-12-19,🟢 Healthy (High Coverage)
AVE36,34.3,0.0,,0.1058,324.2,2027-08-05,🟢 Healthy (High Coverage)
AYE29,718.9,50.0,2026-12-22,3.606,199.4,2027-04-02,🟢 Healthy (High Coverage)
BAH28,0.0,0.0,,0.0,9999,OUT OF STOCK (OOS),🔴 ALERT: CRITICAL STOCKOUT
BAL22,0.0,0.0,,0.0,9999,OUT OF STOCK (OOS),🔴 ALERT: CRITICAL STOCKOUT
BAN27,113.05,0.0,,0.3794,298.0,2027-07-10,🟢 Healthy (High Coverage)
BAO08,1.0,0.0,,0.0147,68.0,2026-11-22,🟡 Safe Buffer
BAT08,45.16,0.0,,0.1256,359.6,2027-09-10,🟢 Healthy (High Coverage)
BAT12,101.6,0.0,,0.0,9999,No Active Demand Service,🟢 Healthy (No Active Demand)
BAY12,0.0,0.0,,0.0,9999,OUT OF STOCK (OOS),🔴 ALERT: CRITICAL STOCKOUT
BEA27,0.0,0.0,,0.1984,0.0,OUT OF STOCK (OOS),🔴 ALERT: CRITICAL STOCKOUT
BEL08,2.18,0.0,,0.161,13.5,2026-09-29,🚨 CRITICAL: Stockout Risk < 30 Days
BEL12,238.42,0.0,,0.3354,710.9,2028-08-26,🟢 Healthy (High Coverage)
BIJ28,0.0,0.0,,0.0,9999,OUT OF STOCK (OOS),🔴 ALERT: CRITICAL STOCKOUT
BIN27,0.33,0.0,,0.0122,27.0,2026-10-12,🚨 CRITICAL: Stockout Risk < 30 Days
BLO08,0.0,0.0,,0.0,9999,OUT OF STOCK (OOS),🔴 ALERT: CRITICAL STOCKOUT
BLO12,75.87,0.0,,0.0,9999,No Active Demand Service,🟢 Healthy (No Active Demand)
BWA08,125.45,0.0,,0.781,160.6,2027-02-23,🟢 Healthy (High Coverage)
BYU28,0.0,0.0,,0.0,9999,OUT OF STOCK (OOS),🔴 ALERT: CRITICAL STOCKOUT
CAR08,37.9,0.0,,0.6712,56.5,2026-11-10,🟡 Safe Buffer
CAR12,0.0,0.0,,0.0,9999,OUT OF STOCK (OOS),🔴 ALERT: CRITICAL STOCKOUT
CAS08,231.84,0.0,,1.0027,231.2,2027-05-04,🟢 Healthy (High Coverage)
CAS40,0.0,0.0,,0.0,9999,OUT OF STOCK (OOS),🔴 ALERT: CRITICAL STOCKOUT
CHI08,23.23,196.0,2026-10-19,1.0865,21.4,2026-10-06,⚠️ WARNING: Buffer Breach (Supply in Transit)
CIE08,0.0,0.0,,0.0,9999,OUT OF STOCK (OOS),🔴 ALERT: CRITICAL STOCKOUT
CIE12,0.0,0.0,,0.0,9999,OUT OF STOCK (OOS),🔴 ALERT: CRITICAL STOCKOUT
COC08,252.7,0.0,,0.9747,259.3,2027-06-01,🟢 Healthy (High Coverage)
COC12,0.0,50.0,,0.5288,0.0,OUT OF STOCK (OOS),🔴 ALERT: CRITICAL STOCKOUT
COC36,0.0,0.0,,0.0082,0.0,OUT OF STOCK (OOS),🔴 ALERT: CRITICAL STOCKOUT
COL08,90.0,0.0,,0.0,9999,No Active Demand Service,🟢 Healthy (No Active Demand)
COR08,146.28,0.0,,0.9451,154.8,2027-02-17,🟢 Healthy (High Coverage)
COS08,6.4,0.0,,0.3122,20.5,2026-10-05,🚨 CRITICAL: Stockout Risk < 30 Days
DHA20,17.28,0.0,,0.6441,26.8,2026-10-12,🚨 CRITICAL: Stockout Risk < 30 Days
DOR08,181.28,80.0,2026-12-22,1.584,114.4,2027-01-07,🟢 Healthy (High Coverage)
DOR40,0.0,0.0,,0.0,9999,OUT OF STOCK (OOS),🔴 ALERT: CRITICAL STOCKOUT
ELI08,2.54,0.0,,0.0288,88.2,2026-12-12,🟡 Safe Buffer
ELI40,0.0,0.0,,0.0,9999,OUT OF STOCK (OOS),🔴 ALERT: CRITICAL STOCKOUT
ELI41,0.0,0.0,,0.0,9999,OUT OF STOCK (OOS),🔴 ALERT: CRITICAL STOCKOUT
ELL08,0.0,0.0,,0.0,9999,OUT OF STOCK (OOS),🔴 ALERT: CRITICAL STOCKOUT
ELL40,0.0,0.0,,0.0,9999,OUT OF STOCK (OOS),🔴 ALERT: CRITICAL STOCKOUT
FAM08,82.4,150.0,2026-10-19,0.844,97.6,2026-12-22,🟢 Healthy (High Coverage)
FIO08,69.42,0.0,,0.0159,4366.0,2038-08-29,🟢 Healthy (High Coverage)
FLO08,29.1,0.0,,0.0,9999,No Active Demand Service,🟢 Healthy (No Active Demand)
FRO08,0.0,0.0,,0.0,9999,OUT OF STOCK (OOS),🔴 ALERT: CRITICAL STOCKOUT
FRO12,45.0,0.0,,0.0,9999,No Active Demand Service,🟢 Healthy (No Active Demand)
GAR08,0.0,0.0,,0.0,9999,OUT OF STOCK (OOS),🔴 ALERT: CRITICAL STOCKOUT
GAR12,48.92,0.0,,0.0,9999,No Active Demand Service,🟢 Healthy (No Active Demand)
GEO08,0.0,0.0,,0.0,9999,OUT OF STOCK (OOS),🔴 ALERT: CRITICAL STOCKOUT
GEO12,0.0,0.0,,0.0,9999,OUT OF STOCK (OOS),🔴 ALERT: CRITICAL STOCKOUT
GUD08,0.0,0.0,,0.0,9999,OUT OF STOCK (OOS),🔴 ALERT: CRITICAL STOCKOUT
GUD13,0.0,0.0,,0.0,9999,OUT OF STOCK (OOS),🔴 ALERT: CRITICAL STOCKOUT
GYR08,277.57,0.0,,0.7935,349.8,2027-08-31,🟢 Healthy (High Coverage)
HEB08,0.0,0.0,,0.0,9999,OUT OF STOCK (OOS),🔴 ALERT: CRITICAL STOCKOUT
HER08,0.0,0.0,,0.0,9999,OUT OF STOCK (OOS),🔴 ALERT: CRITICAL STOCKOUT
HER12,38.21,0.0,,0.0,9999,No Active Demand Service,🟢 Healthy (No Active Demand)
ILY08,96.6,0.0,,0.0,9999,No Active Demand Service,🟢 Healthy (No Active Demand)
IMA08,101.85,0.0,,0.0456,2233.6,2032-10-27,🟢 Healthy (High Coverage)
IMA12,0.0,0.0,,0.0,9999,OUT OF STOCK (OOS),🔴 ALERT: CRITICAL STOCKOUT
IMB08,206.34,0.0,,0.0115,17942.6,2075-10-31,🟢 Healthy (High Coverage)
ISL08,40.68,0.0,,0.0337,1207.1,2030-01-04,🟢 Healthy (High Coverage)
ISL12,0.0,0.0,,0.1971,0.0,OUT OF STOCK (OOS),🔴 ALERT: CRITICAL STOCKOUT
JAR08,88.34,0.0,,0.1193,740.5,2028-09-24,🟢 Healthy (High Coverage)
JAR12,0.0,0.0,,0.0,9999,OUT OF STOCK (OOS),🔴 ALERT: CRITICAL STOCKOUT
JOA08,0.0,0.0,,0.2886,0.0,OUT OF STOCK (OOS),🔴 ALERT: CRITICAL STOCKOUT
JOA12,0.0,0.0,,0.0,9999,OUT OF STOCK (OOS),🔴 ALERT: CRITICAL STOCKOUT
KAI08,0.0,0.0,,0.0,9999,OUT OF STOCK (OOS),🔴 ALERT: CRITICAL STOCKOUT
KAI12,0.0,0.0,,0.0,9999,OUT OF STOCK (OOS),🔴 ALERT: CRITICAL STOCKOUT
KAR08,0.0,0.0,,0.0,9999,OUT OF STOCK (OOS),🔴 ALERT: CRITICAL STOCKOUT
KHE28,175.05,559.43,2026-10-19,3.7215,47.0,2026-11-01,🟡 Safe Buffer
LAV08,1.85,0.0,,0.705,2.6,2026-09-18,🚨 CRITICAL: Stockout Risk < 30 Days
LAV12,0.6,0.0,,0.0165,36.4,2026-10-21,🟡 Safe Buffer
LIA08,0.0,0.0,,0.0,9999,OUT OF STOCK (OOS),🔴 ALERT: CRITICAL STOCKOUT
LIL12,0.0,0.0,,0.0,9999,OUT OF STOCK (OOS),🔴 ALERT: CRITICAL STOCKOUT
LIL32,0.0,0.0,,0.0,9999,OUT OF STOCK (OOS),🔴 ALERT: CRITICAL STOCKOUT
LIL40,0.0,0.0,,0.0,9999,OUT OF STOCK (OOS),🔴 ALERT: CRITICAL STOCKOUT
LIN04,0.0,0.0,,0.0,9999,OUT OF STOCK (OOS),🔴 ALERT: CRITICAL STOCKOUT
LIN08,0.0,0.0,,0.0,9999,OUT OF STOCK (OOS),🔴 ALERT: CRITICAL STOCKOUT
LIN09,135.14,0.0,,0.0901,1499.9,2030-10-24,🟢 Healthy (High Coverage)
LIN12,1.75,0.0,,0.5409,3.2,2026-09-18,🚨 CRITICAL: Stockout Risk < 30 Days
LIN13,35.55,0.0,,0.0,9999,No Active Demand Service,🟢 Healthy (No Active Demand)
LOA08,165.8,0.0,,0.7597,218.2,2027-04-21,🟢 Healthy (High Coverage)
LOA12,34.8,50.0,2026-11-16,0.1798,193.5,2027-03-28,🟢 Healthy (High Coverage)
LOA40,0.0,0.0,,0.0,9999,OUT OF STOCK (OOS),🔴 ALERT: CRITICAL STOCKOUT
LUM08,70.97,132.0,2026-12-12,1.0856,65.4,2026-11-19,🟡 Safe Buffer
LUM12,58.4,0.0,,0.1893,308.5,2027-07-21,🟢 Healthy (High Coverage)
LUS08,0.0,0.0,,0.0,9999,OUT OF STOCK (OOS),🔴 ALERT: CRITICAL STOCKOUT
LUS12,0.0,0.0,,0.0,9999,OUT OF STOCK (OOS),🔴 ALERT: CRITICAL STOCKOUT
LUZ08,457.68,100.0,2026-12-16,1.7121,267.3,2027-06-09,🟢 Healthy (High Coverage)
LUZ12,86.0,0.0,,0.0,9999,No Active Demand Service,🟢 Healthy (No Active Demand)
MAG08,1.5,0.0,,0.0,9999,No Active Demand Service,🟢 Healthy (No Active Demand)
MAG40,0.0,0.0,,0.0,9999,OUT OF STOCK (OOS),🔴 ALERT: CRITICAL STOCKOUT
MAG41,0.0,0.0,,0.0,9999,OUT OF STOCK (OOS),🔴 ALERT: CRITICAL STOCKOUT
MAJ12,0.0,0.0,,0.0,9999,OUT OF STOCK (OOS),🔴 ALERT: CRITICAL STOCKOUT
MIR08,0.0,0.0,,0.0,9999,OUT OF STOCK (OOS),🔴 ALERT: CRITICAL STOCKOUT
MIR41,0.0,0.0,,0.0,9999,OUT OF STOCK (OOS),🔴 ALERT: CRITICAL STOCKOUT
NAL08,84.6,0.0,,0.3605,234.7,2027-05-08,🟢 Healthy (High Coverage)
NAR08,0.0,0.0,,0.1874,0.0,OUT OF STOCK (OOS),🔴 ALERT: CRITICAL STOCKOUT
NDA08,262.9,0.0,,0.0841,3126.0,2035-04-07,🟢 Healthy (High Coverage)
NDA13,29.9,0.0,,0.0,9999,No Active Demand Service,🟢 Healthy (No Active Demand)
NIL12,0.0,0.0,,0.0,9999,OUT OF STOCK (OOS),🔴 ALERT: CRITICAL STOCKOUT
OMB08,0.3,0.0,,0.3202,0.9,2026-09-16,🚨 CRITICAL: Stockout Risk < 30 Days
OND27,113.35,0.0,,0.0959,1182.0,2029-12-10,🟢 Healthy (High Coverage)
ORI08,0.0,0.0,,0.0,9999,OUT OF STOCK (OOS),🔴 ALERT: CRITICAL STOCKOUT
ORI12,0.0,0.0,,0.0,9999,OUT OF STOCK (OOS),🔴 ALERT: CRITICAL STOCKOUT
ORI41,0.0,0.0,,0.0,9999,OUT OF STOCK (OOS),🔴 ALERT: CRITICAL STOCKOUT
ORI64,0.0,0.0,,0.0,9999,OUT OF STOCK (OOS),🔴 ALERT: CRITICAL STOCKOUT
PAL08,42.3,0.0,,0.2424,174.5,2027-03-09,🟢 Healthy (High Coverage)
PET08,49.22,0.0,,1.311,37.5,2026-10-23,🟡 Safe Buffer
PET12,89.0,0.0,,0.0,9999,No Active Demand Service,🟢 Healthy (No Active Demand)
PLA08,37.83,0.0,,0.0531,712.4,2028-08-27,🟢 Healthy (High Coverage)
PLA12,25.28,0.0,,0.1963,128.8,2027-01-22,🟢 Healthy (High Coverage)
POP08,0.0,0.0,,0.0,9999,OUT OF STOCK (OOS),🔴 ALERT: CRITICAL STOCKOUT
POP12,0.0,0.0,,0.0,9999,OUT OF STOCK (OOS),🔴 ALERT: CRITICAL STOCKOUT
RAI08,0.0,0.0,,0.1169,0.0,OUT OF STOCK (OOS),🔴 ALERT: CRITICAL STOCKOUT
RAK08,55.7,68.0,2026-11-16,0.77,72.3,2026-11-26,🟡 Safe Buffer
RAY08,131.36,0.0,,0.2329,564.0,2028-04-01,🟢 Healthy (High Coverage)
RAY12,0.0,0.0,,0.0,9999,OUT OF STOCK (OOS),🔴 ALERT: CRITICAL STOCKOUT
RAZ08,34.9,0.0,,0.1693,206.1,2027-04-09,🟢 Healthy (High Coverage)
ROC08,226.72,300.0,2026-10-19,4.809,47.1,2026-11-01,🟡 Safe Buffer
ROC12,58.2,75.0,2026-11-16,0.8477,68.7,2026-11-23,🟡 Safe Buffer
SAB08,0.0,0.0,,0.0,9999,OUT OF STOCK (OOS),🔴 ALERT: CRITICAL STOCKOUT
SAB12,0.0,0.0,,0.0,9999,OUT OF STOCK (OOS),🔴 ALERT: CRITICAL STOCKOUT
SAB31,0.0,0.0,,0.0,9999,OUT OF STOCK (OOS),🔴 ALERT: CRITICAL STOCKOUT
SAL08,0.0,0.0,,0.0,9999,OUT OF STOCK (OOS),🔴 ALERT: CRITICAL STOCKOUT
SAL12,30.82,0.0,,0.0,9999,No Active Demand Service,🟢 Healthy (No Active Demand)
SAN08,0.0,310.0,2026-10-05,2.7439,0.0,OUT OF STOCK (OOS),🔴 ALERT: CRITICAL STOCKOUT
SAN12,48.9,0.0,,0.6835,71.5,2026-11-26,🟡 Safe Buffer
SCR08,0.0,0.0,,0.2968,0.0,OUT OF STOCK (OOS),🔴 ALERT: CRITICAL STOCKOUT
SCR12,47.15,0.0,,0.2165,217.8,2027-04-21,🟢 Healthy (High Coverage)
SEN08,0.0,250.0,2026-09-23,1.4495,0.0,OUT OF STOCK (OOS),🔴 ALERT: CRITICAL STOCKOUT
SEN12,47.5,0.0,,0.0543,874.8,2029-02-06,🟢 Healthy (High Coverage)
SHE08,0.0,0.0,,0.3037,0.0,OUT OF STOCK (OOS),🔴 ALERT: CRITICAL STOCKOUT
SHE09,0.0,0.0,,0.0,9999,OUT OF STOCK (OOS),🔴 ALERT: CRITICAL STOCKOUT
SHE12,0.0,0.0,,0.0,9999,OUT OF STOCK (OOS),🔴 ALERT: CRITICAL STOCKOUT
SHE13,0.0,0.0,,0.0,9999,OUT OF STOCK (OOS),🔴 ALERT: CRITICAL STOCKOUT
SIE08,39.2,345.0,2026-10-12,1.8923,20.7,2026-10-06,⚠️ WARNING: Buffer Breach (Supply in Transit)
SIE36,112.13,0.0,,0.0288,3893.4,2037-05-13,🟢 Healthy (High Coverage)
SIN08,0.0,0.0,,0.0,9999,OUT OF STOCK (OOS),🔴 ALERT: CRITICAL STOCKOUT
SIR08,210.2,0.0,,1.3053,161.0,2027-02-23,🟢 Healthy (High Coverage)
SIV28,10.55,0.0,,0.179,58.9,2026-11-13,🟡 Safe Buffer
SKY08,0.0,300.0,2026-12-16,2.1391,0.0,OUT OF STOCK (OOS),🔴 ALERT: CRITICAL STOCKOUT
SKY12,66.5,0.0,,0.1704,390.3,2027-10-10,🟢 Healthy (High Coverage)
SKY13,0.0,0.0,,0.0,9999,OUT OF STOCK (OOS),🔴 ALERT: CRITICAL STOCKOUT
SOK08,0.0,0.0,,0.0,9999,OUT OF STOCK (OOS),🔴 ALERT: CRITICAL STOCKOUT
SOL02,0.0,0.0,,0.0,9999,OUT OF STOCK (OOS),🔴 ALERT: CRITICAL STOCKOUT
SOL04,0.0,0.0,,0.0,9999,OUT OF STOCK (OOS),🔴 ALERT: CRITICAL STOCKOUT
SOL09,9.0,0.0,,0.0219,411.0,2027-10-31,🟢 Healthy (High Coverage)
SOL10,0.0,0.0,,0.0,9999,OUT OF STOCK (OOS),🔴 ALERT: CRITICAL STOCKOUT
SOL11,76.65,0.0,,0.0,9999,No Active Demand Service,🟢 Healthy (No Active Demand)
SOL14,2834.45,0.0,,3.6412,778.4,2028-11-01,🟢 Healthy (High Coverage)
SOL15,0.0,0.0,,0.0,9999,OUT OF STOCK (OOS),🔴 ALERT: CRITICAL STOCKOUT
SOL16,0.0,0.0,,0.0,9999,OUT OF STOCK (OOS),🔴 ALERT: CRITICAL STOCKOUT
SOL17,238.2,0.0,,0.0305,7809.8,2048-02-02,🟢 Healthy (High Coverage)
SOL18,111.71,0.0,,0.5887,189.8,2027-03-24,🟢 Healthy (High Coverage)
SOL19,79.25,0.0,,0.0,9999,No Active Demand Service,🟢 Healthy (No Active Demand)
SOR08,27.95,93.0,2026-10-12,0.7204,38.8,2026-10-24,🟡 Safe Buffer
SUT08,0.0,0.0,,0.0,9999,OUT OF STOCK (OOS),🔴 ALERT: CRITICAL STOCKOUT
SWI08,0.0,0.0,,0.0244,0.0,OUT OF STOCK (OOS),🔴 ALERT: CRITICAL STOCKOUT
TAL26,0.0,0.0,,0.0407,0.0,OUT OF STOCK (OOS),🔴 ALERT: CRITICAL STOCKOUT
TAO25,0.0,0.0,,0.0,9999,OUT OF STOCK (OOS),🔴 ALERT: CRITICAL STOCKOUT
TEX08,56.7,0.0,,0.6093,93.1,2026-12-17,🟢 Healthy (High Coverage)
TIK08,134.0,0.0,,0.0,9999,No Active Demand Service,🟢 Healthy (No Active Demand)
TIK41,153.44,0.0,,0.0572,2682.5,2034-01-19,🟢 Healthy (High Coverage)
TIL08,0.0,0.0,,0.0,9999,OUT OF STOCK (OOS),🔴 ALERT: CRITICAL STOCKOUT
TIM12,43.0,0.0,,0.0,9999,No Active Demand Service,🟢 Healthy (No Active Demand)
TOI12,132.85,0.0,,0.1119,1187.2,2029-12-15,🟢 Healthy (High Coverage)
TOI41,22.6,0.0,,0.4165,54.3,2026-11-08,🟡 Safe Buffer
TOY08,207.16,0.0,,0.4395,471.4,2027-12-30,🟢 Healthy (High Coverage)
TUK08,169.61,0.0,,0.2909,583.1,2028-04-20,🟢 Healthy (High Coverage)
TUK12,10.66,0.0,,0.0,9999,No Active Demand Service,🟢 Healthy (No Active Demand)
ULA08,712.62,250.0,2026-11-16,4.918,144.9,2027-02-07,🟢 Healthy (High Coverage)
ULA12,37.8,60.0,2026-12-22,0.5506,68.7,2026-11-23,🟡 Safe Buffer
VIN12,12.4,0.0,,0.0354,350.3,2027-08-31,🟢 Healthy (High Coverage)
VIN40,0.0,0.0,,0.0,9999,OUT OF STOCK (OOS),🔴 ALERT: CRITICAL STOCKOUT
WAI08,0.0,0.0,,0.0,9999,OUT OF STOCK (OOS),🔴 ALERT: CRITICAL STOCKOUT
WAI12,0.0,0.0,,0.0,9999,OUT OF STOCK (OOS),🔴 ALERT: CRITICAL STOCKOUT
WAL08,63.88,0.0,,0.1494,427.6,2027-11-17,🟢 Healthy (High Coverage)
YRA08,0.0,0.0,,0.0,9999,OUT OF STOCK (OOS),🔴 ALERT: CRITICAL STOCKOUT
ZAH23,61.58,0.0,,0.0558,1103.6,2029-09-23,🟢 Healthy (High Coverage)
ZAR04,25.6,0.0,,0.0,9999,No Active Demand Service,🟢 Healthy (No Active Demand)
ZAR08,0.0,0.0,,0.0,9999,OUT OF STOCK (OOS),🔴 ALERT: CRITICAL STOCKOUT
ZAR13,32.1,0.0,,0.0,9999,No Active Demand Service,🟢 Healthy (No Active Demand)
ZEE08,0.0,0.0,,0.0,9999,OUT OF STOCK (OOS),🔴 ALERT: CRITICAL STOCKOUT
ZEE24,142.62,150.0,2026-10-12,2.6612,53.6,2026-11-08,🟡 Safe Buffer
ZEN08,103.53,0.0,,0.1298,797.6,2028-11-21,🟢 Healthy (High Coverage)
ZEN13,0.0,0.0,,0.0,9999,OUT OF STOCK (OOS),🔴 ALERT: CRITICAL STOCKOUT
ZEP08,70.9,0.0,,0.3155,224.7,2027-04-28,🟢 Healthy (High Coverage)
ZES08,36.5,108.0,2026-10-12,0.4617,79.1,2026-12-03,🟡 Safe Buffer
ZHY08,143.14,150.0,2026-12-16,0.9541,150.0,2027-02-12,🟢 Healthy (High Coverage)
ZHY12,133.6,154.0,2026-10-19,1.0663,125.3,2027-01-18,🟢 Healthy (High Coverage)
ZIM08,117.24,200.0,2026-10-13,0.0556,2108.6,2032-06-24,🟢 Healthy (High Coverage)
ZIM27,0.0,0.0,,0.0,9999,OUT OF STOCK (OOS),🔴 ALERT: CRITICAL STOCKOUT
ZUL08,0.0,0.0,,0.0,9999,OUT OF STOCK (OOS),🔴 ALERT: CRITICAL STOCKOUT
ZYB08,0.0,0.0,,0.0,9999,OUT OF STOCK (OOS),🔴 ALERT: CRITICAL STOCKOUT
