fabric_sku,print,color,composition,weave,season,ats
ABS08,Abstract,Noir,100% Polyester Jacquard,Jacquard,Fall 2022,5.4
ABS08,Abstract,Rose,100% Polyester Jacquard,Jacquard,Spring 2023,113.02
ABS12,Abstract,Rose,100% Polyester Chiffon,Chiffon,Spring 2023,66.05
ALI08,Alia,Noir,100% Polyester Jacquard,Jacquard,Resort 2024,0.31
ANA08,Ananas,Black,100% Polyester Jacquard,Jacquard,Resort 2021,0.0
ANA08,Ananas,Yellow,100% Polyester Jacquard,Jacquard,Resort 2021,179.77
ANA13,Ananas,Yellow,100% Sustainable Viscose,Plain,,42.5
ARB08,Arbol,Orange,100% Polyester Jacquard,Jacquard,Spring 2022,80.63
ARB12,Arbol,Orange,100% Polyester Chiffon,Chiffon,Spring 2022,0.0
ARI08,Ari,Blu,100% Polyester Jacquard,Jacquard,Resort 2023,51.08
ARI12,Ari,Blu,100% Polyester Chiffon,Chiffon,Resort 2023,58.34
ARP08,Arte Plein,Blanc,100% Polyester Jacquard,Jacquard,Spring 2021,60.32
ART08,Arte,Blanc,100% Polyester Jacquard,Jacquard,Spring 2021,0.0
ART12,Arte,Blanc,100% Polyester Chiffon,Chiffon,,261.19
ATO08,Atol,Blu,100% Polyester Jacquard,Jacquard,Resort 2023,2.2
ATO08,Atol,Rose,100% Polyester Jacquard,Jacquard,Resort 2023,0.0
ATO12,Atol,Blu,100% Polyester Chiffon,Chiffon,(None),0.0
BAH28,Bahar,Blanc,100% Cotton,Plain,Spring 2024,0.0
BAL22,Bala,Orange,"96% Polyester, 4% Spandex (Bala Weave)",Jacquard,Spring 2023,0.0
BAN27,Banel,Blanc,100% Cotton,Plain,Spring 2024,113.05
BAO08,Baol,Teal,100% Polyester Jacquard,Jacquard,Resort 2021,1.0
BAT08,Batik,Blu,100% Polyester Jacquard,Jacquard,Resort 2022,0.0
BAT08,Batik,Vert,100% Polyester Jacquard,Jacquard,Resort 2024,0.0
BAT08,Batik,Rose,100% Polyester Jacquard,Jacquard,Resort 2022,45.16
BAT12,Batik,Blu,100% Polyester Chiffon,Chiffon,Resort 2022,0.0
BAT12,Batik,Rose,100% Polyester Chiffon,Chiffon,Resort 2022,101.6
BEA27,Bea,Blanc,100% Cotton,Plain,Spring 2024,0.0
BEL08,Bela,Blu,100% Polyester Jacquard,Jacquard,Spring 2023,0.0
BEL08,Bela,Vert,100% Polyester Jacquard,Jacquard,Spring 2023,2.18
BEL08,Bela,Olive,100% Polyester Jacquard,Jacquard,Spring 2023,0.0
BEL08,Bela,Orange,100% Polyester Jacquard,Jacquard,Spring 2023,0.0
BEL12,Bela,Vert,100% Polyester Chiffon,Chiffon,Spring 2023,238.42
BEL12,Bela,Orange,100% Polyester Chiffon,Chiffon,Spring 2023,0.0
BIJ28,Bijour,Blanc,100% Cotton,Plain,Spring 2024,0.0
BIN27,Binta,Camel,100% Cotton,Plain,Spring 2024,0.33
BLO08,Blossom,Rose,100% Polyester Jacquard,Jacquard,Resort 2022,0.0
BLO08,Blossom,Teal,100% Polyester Jacquard,Jacquard,Spring 2022,0.0
BLO12,Blossom,Rose,100% Polyester Chiffon,Chiffon,Resort 2022,75.87
BLO12,Blossom,Teal,100% Polyester Chiffon,Chiffon,Spring 2022,0.0
BWA08,Bwalo,Teal,100% Polyester Jacquard,Jacquard,Resort 2021,125.45
CIE08,Ciel,Azul,100% Polyester Jacquard,Jacquard,Spring 2022,0.0
CIE12,Ciel,Azul,100% Polyester Chiffon,Chiffon,Spring 2022,0.0
COS08,Costa,Blu,100% Polyester Jacquard,Jacquard,[Seasonless],6.4
COS08,Costa,Navy,100% Polyester Jacquard,Jacquard,Fall 2021,0.0
DHA20,Dhaw,Gold,"96% Polyester, 4% Spandex (Dhaw Weave)",Jacquard,Spring 2023,9.15
DHA20,Dhaw,Blanc,"96% Polyester, 4% Spandex (Dhaw Weave)",Jacquard,Summer 2023,8.13
FIO08,Fiore,Gold,100% Polyester Jacquard,Jacquard,Fall 2021,69.42
FLO08,Flora,Noir,100% Polyester Jacquard,Jacquard,,29.1
FLO08,Flora,Green,100% Polyester Jacquard,Jacquard,Summer 2021,0.0
FRO08,Fronds,Blu,100% Polyester Jacquard,Jacquard,[Seasonless],0.0
FRO12,Fronds,Blu,100% Polyester Chiffon,Chiffon,,45.0
FRO08,Fronds,Olive,100% Polyester Jacquard,Jacquard,Spring 2023,0.0
GAR08,Garden,Cream,100% Polyester Jacquard,Jacquard,,0.0
GAR08,Garden,Vert,100% Polyester Jacquard,Jacquard,Summer 2021,0.0
GAR12,Garden,Vert,100% Polyester Chiffon,Chiffon,Summer 2021,48.92
GEO08,Geo,Blu,100% Polyester Jacquard,Jacquard,Spring 2022,0.0
GEO08,Geo,Cobalt,100% Polyester Jacquard,Jacquard,Spring 2022,0.0
GEO12,Geo,Blu,100% Polyester Chiffon,Chiffon,Spring 2022,0.0
GEO12,Geo,Cobalt,100% Polyester Chiffon,Chiffon,Spring 2022,0.0
GUD08,Guddi,Black,100% Polyester Jacquard,Jacquard,Resort 2021,0.0
GUD13,Guddi,Black,100% Sustainable Viscose,Plain,Resort 2021,0.0
GYR08,Gyraf,Blue,100% Polyester Jacquard,Jacquard,Resort 2021,277.57
HEB08,Hera,Noir,100% Polyester Jacquard,Jacquard,Spring 2022,0.0
HER08,Hera,Noir,100% Polyester Jacquard,Jacquard,Spring 2022,0.0
HER08,Hera,Orange,100% Polyester Jacquard,Jacquard,Spring 2022,0.0
HER12,Hera,Noir,100% Polyester Chiffon,Chiffon,Spring 2022,38.21
IMA08,Iman,Noir,100% Polyester Jacquard,Jacquard,Spring 2022,101.85
IMA08,Iman,Orange,100% Polyester Jacquard,Jacquard,Spring 2022,0.0
IMA12,Iman,Noir,100% Polyester Chiffon,Chiffon,Spring 2022,0.0
IMB08,Iman Big,Noir,100% Polyester Jacquard,Jacquard,Spring 2022,206.34
ISL08,Isla,Noir,100% Polyester Jacquard,Jacquard,Resort 2023,40.68
ISL12,Isla,Noir,100% Polyester Chiffon,Chiffon,Resort 2023,0.0
JAR08,Jardin,Mustard,100% Polyester Jacquard,Jacquard,Spring 2022,8.94
JAR08,Jardin,Rose,100% Polyester Jacquard,Jacquard,Resort 2022,79.4
JAR12,Jardin,Mustard,100% Polyester Chiffon,Chiffon,Spring 2022,0.0
JAR12,Jardin,Rose,100% Polyester Chiffon,Chiffon,Resort 2022,0.0
JOA08,Joal,White,100% Polyester Jacquard,Jacquard,Resort 2021,0.0
JOA12,Joal,White,100% Polyester Chiffon,Chiffon,Resort 2021,0.0
KAI08,Kailua,Blue,100% Polyester Jacquard,Jacquard,Resort 2021,0.0
KAI12,Kailua,Blue,100% Polyester Chiffon,Chiffon,Resort 2021,0.0
KAR08,Karo,Black,100% Polyester Jacquard,Jacquard,Resort 2021,0.0
LAV08,Lava,Noir,100% Polyester Jacquard,Jacquard,Summer 2023,0.0
LAV08,Lava,Cream,100% Polyester Jacquard,Jacquard,Resort 2024,0.0
LAV08,Lava,Teal,100% Polyester Jacquard,Jacquard,Resort 2024,0.0
LAV12,Lava,Noir,100% Polyester Chiffon,Chiffon,Summer 2023,0.6
LIN04,Lines,Black,100% Cotton,Plain,,0.0
LIN08,Lines,Azul,100% Polyester Jacquard,Jacquard,Resort 2021,0.0
LIN08,Lines,Black,100% Polyester Jacquard,Jacquard,Resort 2021,0.0
LIN08,Lines,Blue,100% Polyester Jacquard,Jacquard,Resort 2021,0.0
LIN08,Lines,Coral,100% Polyester Jacquard,Jacquard,Resort 2021,0.0
LIN09,Lines,Blue,100% Sustainable Lyocell Crepe,Crepe,,0.0
LIN12,Lines,Azul,100% Polyester Chiffon,Chiffon,Resort 2021,1.75
LIN12,Lines,Blue,100% Polyester Chiffon,Chiffon,Resort 2021,0.0
LIN12,Lines,Coral,100% Polyester Chiffon,Chiffon,Resort 2021,0.0
LIN13,Lines,Black,100% Sustainable Viscose,Plain,,35.55
NAR08,Nari,Vert,100% Polyester Jacquard,Jacquard,Spring 2023,0.0
NDA08,Ndar,White,100% Polyester Jacquard,Jacquard,Resort 2021,262.9
NDA13,Ndar,White,100% Sustainable Viscose,Plain,,29.9
PAL08,Palms,Noir,100% Polyester Jacquard,Jacquard,Resort 2024,0.0
PAL08,Palms,Blu,100% Polyester Jacquard,Jacquard,[Seasonless],2.2
PAL08,Palms,Vert,100% Polyester Jacquard,Jacquard,Spring 2023,40.1
PAL08,Palms,Olive,100% Polyester Jacquard,Jacquard,Spring 2023,0.0
PAL08,Palms,Orange,100% Polyester Jacquard,Jacquard,Spring 2023,0.0
PLA08,Playa,Aqua,100% Polyester Jacquard,Jacquard,Resort 2023,36.83
PLA08,Playa,Blu,100% Polyester Jacquard,Jacquard,Resort 2023,0.0
PLA08,Playa,Rose,100% Polyester Jacquard,Jacquard,Resort 2024,1.0
PLA12,Playa,Aqua,100% Polyester Chiffon,Chiffon,Resort 2023,25.28
RAI08,Rai,Blanc,100% Polyester Jacquard (Rai Weave),Jacquard,Resort 2023,0.0
RAY08,Rayas,Blu,100% Polyester Jacquard,Jacquard,Resort 2022,131.36
RAY12,Rayas,Blu,100% Polyester Chiffon,Chiffon,Resort 2022,0.0
SAL08,Saly,Vert,100% Polyester Jacquard,Jacquard,Fall 2021,0.0
SAL08,Saly,Rose,100% Polyester Jacquard,Jacquard,Spring 2021,0.0
SAL12,Saly,Rose,100% Polyester Chiffon,Chiffon,Spring 2021,30.82
SCR08,Scribble,Noir,100% Polyester Jacquard,Jacquard,Fall 2021,0.0
SCR08,Scribble,Rust,100% Polyester Jacquard,Jacquard,Summer 2021,0.0
SCR12,Scribble,Rust,100% Polyester Chiffon,Chiffon,Summer 2021,47.15
SHE08,Shell,White,100% Polyester Jacquard,Jacquard,,0.0
SHE09,Shell,White,100% Sustainable Lyocell Crepe,Crepe,,0.0
SHE12,Shell,White,100% Polyester Chiffon,Chiffon,Resort 2021,0.0
SHE13,Shell,White,100% Sustainable Viscose,Plain,,0.0
SIN08,Sini,Gold,100% Polyester Jacquard,Jacquard,Resort 2021,0.0
SIN08,Sini,White,100% Polyester Jacquard,Jacquard,[Seasonless],0.0
SOK08,Sokhna,Black,100% Polyester Jacquard,Jacquard,Resort 2021,0.0
SOL02,Solid,Black,"15% Wool, 85% Acrylic",Plain,,0.0
SOL02,Solid,Camel,"15% Wool, 85% Acrylic",Plain,,0.0
SOL02,Solid,Gray,"15% Wool, 85% Acrylic",Plain,Resort 2021,0.0
SOL02,Solid,Navy,"15% Wool, 85% Acrylic",Plain,Resort 2021,0.0
SOL04,Solid,Blanc,100% Cotton,Plain,Resort 2021,0.0
SOL09,Solid,Noir,100% Sustainable Lyocell Crepe,Crepe,Resort 2021,0.0
SOL09,Solid,Blu,100% Sustainable Lyocell Crepe,Crepe,[Seasonless],0.0
SOL09,Solid,Camel,100% Sustainable Lyocell Crepe,Crepe,Resort 2021,0.0
SOL09,Solid,Navy,100% Sustainable Lyocell Crepe,Crepe,[Seasonless],0.0
SOL09,Solid,Rust,100% Sustainable Lyocell Crepe,Crepe,Resort 2021,0.0
SOL09,Solid,Blanc,100% Sustainable Lyocell Crepe,Crepe,Resort 2021,9.0
SOL10,Solid,Salmon,100% Cupro Jacquard,Jacquard,[Seasonless],0.0
SOL10,Solid,Blanc,100% Cupro Jacquard,Jacquard,Resort 2021,0.0
SOL11,Solid,Noir,"97% Polyester, 3% Elastane (Channel)",Plain,[Seasonless],11.03
SOL11,Solid,Camel,"97% Polyester, 3% Elastane (Channel)",Plain,Resort 2021,30.0
SOL11,Solid,Mustard,"97% Polyester, 3% Elastane (Channel)",Plain,Resort 2021,35.62
SOL11,Solid,Blanc,"97% Polyester, 3% Elastane (Channel)",Plain,Resort 2021,0.0
SOL14,Solid,Aqua,100% Lyocell Satin,Satin,,0.0
SOL14,Solid,Noir,100% Lyocell Satin,Satin,[Seasonless],0.0
SOL14,Solid,Blu,100% Lyocell Satin,Satin,Resort 2023,0.0
SOL14,Solid,Cream,100% Lyocell Satin,Satin,[Seasonless],415.09
SOL14,Solid,Mustard,100% Lyocell Satin,Satin,Spring 2022,57.95
SOL14,Solid,Navy,100% Lyocell Satin,Satin,[Seasonless],2052.41
SOL14,Solid,Olive,100% Lyocell Satin,Satin,Resort 2021,14.14
SOL14,Solid,Red,100% Lyocell Satin,Satin,Resort 2021,0.0
SOL14,Solid,Rust,100% Lyocell Satin,Satin,[Seasonless],0.0
SOL14,Solid,Salmon,100% Lyocell Satin,Satin,,0.0
SOL14,Solid,Teal,100% Lyocell Satin,Satin,[Seasonless],6.1
SOL14,Solid,Blanc,100% Lyocell Satin,Satin,[Seasonless],288.76
SOL15,Solid,Rust,100% Lyocell Twill,Satin,Fall 2021,0.0
SOL16,Solid,Blanc,100% Cotton Hemstitch,Hemstitch,[Seasonless],0.0
SOL17,Solid,Black,100% Acrylic Melton,Melton,Fall 2022,0.0
SOL17,Solid,Blue,100% Acrylic Melton,Melton,Fall 2022,149.8
SOL17,Solid,Brown,100% Acrylic Melton,Melton,Fall 2022,0.0
SOL17,Solid,Cream,100% Acrylic Melton,Melton,Fall 2022,88.4
SOL18,Solid,Coral,100% Cupro Twill (60% Cupro + 40% Viscose),Twill,Resort 2023,111.71
SOL19,Solid,Aqua,100% Tencel Twill,Twill,Resort 2023,79.25
SUT08,Suto,Black,100% Polyester Jacquard,Jacquard,Resort 2021,0.0
SUT08,Suto,Blu,100% Polyester Jacquard,Jacquard,[Seasonless],0.0
SUT08,Suto,Gold,100% Polyester Jacquard,Jacquard,[Seasonless],0.0
SUT08,Suto,Rust,100% Polyester Jacquard,Jacquard,Fall 2022,0.0
SWI08,Swirl,Blu,100% Polyester Jacquard,Jacquard,Summer 2023,0.0
TAL26,Tali,Orange,100% Printed Lyocell Satin,Satin,Spring 2024,0.0
TAO25,Tao,Navy,100% Recycled Polyester Chiffon,Chiffon,Spring 2024,0.0
TEX08,Texture,Gold,100% Polyester Jacquard,Jacquard,[Seasonless],56.7
TIL08,Tilo,Cream,100% Polyester Jacquard,Jacquard,[Seasonless],0.0
TUK08,Tukki,Noir,100% Polyester Jacquard,Jacquard,Resort 2023,169.61
TUK12,Tukki,Noir,100% Polyester Chiffon,Chiffon,(None),10.66
WAI08,Waimea,Blue,100% Polyester Jacquard,Jacquard,Resort 2021,0.0
WAI12,Waimea,Blue,100% Polyester Chiffon,Chiffon,Resort 2021,0.0
WAL08,Walo,Teal,100% Polyester Jacquard,Jacquard,Resort 2021,63.88
YRA08,Yraf,Blue,100% Polyester Jacquard,Jacquard,[Seasonless],0.0
ZAH23,Zahr,Blu,"96% Polyester, 4% Spandex (Zahr Weave)",Jacquard,Summer 2023,60.4
ZAH23,Zahr,Blanc,"96% Polyester, 4% Spandex (Zahr Weave)",Jacquard,Spring 2023,1.18
ZAR04,Zari,Black,100% Cotton,Plain,,25.6
ZAR08,Zari,Black,100% Polyester Jacquard,Jacquard,Resort 2021,0.0
ZAR08,Zari,Brown,100% Polyester Jacquard,Jacquard,Resort 2021,0.0
ZAR08,Zari,Red,100% Polyester Jacquard,Jacquard,Resort 2021,0.0
ZAR13,Zari,Black,100% Sustainable Viscose,Plain,,32.1
ZEE24,Zeen,Noir,"96% Polyester, 4% Spandex (Zeen Weave)",Jacquard,Resort 2024,51.98
ZEE24,Zeen,Teal,"96% Polyester, 4% Spandex (Zeen Weave)",Jacquard,Resort 2024,58.42
ZEE24,Zeen,Fuchsia,"96% Polyester, 4% Spandex (Zeen Weave)",Jacquard,Summer 2023,0.0
ZEE24,Zeen,Vert,"96% Polyester, 4% Spandex (Zeen Weave)",Jacquard,Spring 2023,0.0
ZEE24,Zeen,Mustard,"96% Polyester, 4% Spandex (Zeen Weave)",Jacquard,Summer 2023,32.22
ZEN08,Zena,Cream,100% Polyester Jacquard,Jacquard,[Seasonless],0.0
ZEN08,Zena,White,100% Polyester Jacquard,Jacquard,Resort 2021,103.53
ZEN13,Zena,White,100% Sustainable Viscose,Plain,,0.0
ZUL08,Zuli,Green,100% Polyester Jacquard,Jacquard,,0.0
ZYB08,Zybra,Blue,100% Polyester Jacquard,Jacquard,Resort 2021,0.0
AYE29,Ayel,Olive,"96% Polyester, 4% Spandex (Ayel Weave)",Jacquard,Summer 2024,403.88
LAV08,Lava,Blue,100% Polyester Jacquard,Jacquard,Summer 2024,1.85
DHA20,Dhaw,Rust,"96% Polyester, 4% Spandex (Dhaw Weave)",Jacquard,Summer 2024,0.0
ALI12,Alia,Olive,100% polyester chiffon,Chiffon,,0.0
PET12,Petal,Navy,100% polyester chiffon,Chiffon,,0.0
ALI12,Alia,Brown,100% polyester chiffon,Chiffon,,0.0
ALI12,Alia,Aqua,100% polyester chiffon,Chiffon,,0.0
LUM12,Lumi,Navy,100% polyester chiffon,Chiffon,,58.4
CHI08,Chiado,Rust,100% Polyester Jacquard,,FALL 24,23.23
FAM08,Fama,Noir,100% Polyester Jacquard,,FALL 24,82.4
LUZ08,Luze,Rust,100% Polyester Jacquard,,FALL 24,134.89
LUZ08,Luze,Noir,100% Polyester Jacquard,,FALL 24,191.11
LUZ08,Luze,Night,100% Polyester Jacquard,,FALL SHOPBOP,14.94
OMB08,Ombra,Olive,100% Polyester Jacquard,,FALL SHOPBOP,0.0
OMB08,Ombra,Blue,100% Polyester Jacquard,,FALL SHOPBOP,0.0
OMB08,Ombra,Brown,100% Polyester Jacquard,,FALL SHOPBOP,0.0
PET08,Petal,Navy,100% Polyester Jacquard,,FALL SHOPBOP,0.0
LUM08,Lumi,Navy,100% Polyester Jacquard,,FALL SHOPBOP,70.97
ALI08,Alia,Brown,100% Polyester Jacquard,,FALL SHOPBOP,57.75
ALI08,Alia,Olive,100% Polyester Jacquard,,FALL SHOPBOP,33.5
ALI08,Alia,Aqua,100% Polyester Jacquard,,FALL SHOPBOP,0.0
LIA08,Liana,Navy,100% Polyester Jacquard,,FALL SHOPBOP,0.0
POP08,Poppy,Rose,100% Polyester Jacquard,,,0.0
SAB08,Sable,Cream,100% Polyester Jacquard,,,0.0
AIR08,Aira,Blu,100% Polyester Jacquard,,,0.0
SKY08,Skye,Blu,100% Polyester Jacquard,,,0.0
SOR08,Sora,Navy,100% Polyester Jacquard,,,27.95
SAB31,Sable,Cream,100% FSC Sustainable Viscose - heavy,,,0.0
SKY12,Skye,Blue,100% Polyester Chiffon,,,66.5
MAJ12,Maja,Rose,100% Polyester Chiffon,,,0.0
AIR12,Aira,Blue,100% Polyester Chiffon,,,0.0
BAY12,Baya,Navy,100% Polyester Chiffon,,,0.0
POP12,Poppy,Rose,100% Polyester Chiffon,,,0.0
SAB12,Sable,Cream,100% Polyester Chiffon,,,0.0
PET08,Petal,Teal,100% Polyester Jacquard,,,49.22
BYU28,Byu,White,100% Cotton,,,0.0
KHE28,Kheff,Blanc,100% Cotton,,,66.35
SIV28,Siva,White,100% Cotton,,,10.55
ZEE08,Zeen,Noir,100% Polyester Jacquard,,,0.0
ALI03,Alia,Noir,"82% Nylon, 18% Spandex",,,0.0
SKY13,Skye,Blue,100% Sustainable Viscose,,,0.0
LUZ08,Luze,Ivory,100% Polyester Jacquard,,,116.74
PET08,Petal,Noir,100% Polyester Jacquard,,,0.0
ILY08,Ilya,Noir,100% Polyester Jacquard,,,96.6
ZHY08,Zhy,Noir,100% Polyester Jacquard,,,143.14
COC08,Coco,Terracota,100% Polyester Jacquard,,Spring 25,252.7
COR08,Coria,Olive,100% polyester jacquard,,Spring 25,146.285
ROC08,Rocio,Yellow,100% polyester jacquard,,,226.72
SIE08,Sierra,Noir,100% polyester jacquard,,Spring 25,39.2
SEN08,Sena,Vert,100% polyester jacquard,,Spring 25,0.0
SEN12,Sena,Vert,100% Polyester Chiffon,,Spring 25,47.5
AVE08,Avena,Mustard,100% polyester jacquard,,Spring 25,86.6
COC36,Coco,Terracota,100% Linen,,Spring 25,0.0
SIE36,Sierra,Noir,100% Linen,,Spring 25,112.13
AVE36,Avena,Mustard,100% Linen,,Spring 25,34.3
AYE29,Ayel,Wine,"96% Polyester, 4% Spandex (Ayel Weave)",,,0.0
AYE29,Ayel,Forest,"96% Polyester, 4% Spandex (Ayel Weave)",,,1.67
AYE29,Ayel,Gold,"96% Polyester, 4% Spandex (Ayel Weave)",,,0.0
ZIM27,Zima,Rouge,100% Cotton,,,0.0
AUR08,Aura,Blu,100% Polyester Jacquard,,,117.34
AUR12,Aura,Blue,100% Polyester Chiffon,,,0.0
AYE29,Ayel,Rust,"96% Polyester, 4% Spandex (Ayel Weave)",,,92.89
COC12,Coco,Terracota,100% Polyester Chiffon,,,0.0
ROC12,Rocio,Yellow,100% Polyester Chiffon,,,58.2
AEV08,Aeva,Navy,100% Polyester Jacquard,,,0.0
LUS08,Lush,Noir,100% Polyester Jacquard,,,0.0
ORI08,Oris,Teal,100% Polyester Jacquard,,,0.0
RAZ08,Razu,Navy,100% Polyester Jacquard,,,34.9
TIK08,Tiki,Orange,100% Polyester Jacquard,,,134.0
ZES08,Zest,Navy,100% Polyester Jacquard,,,36.5
NAL08,Nala,Noir,100% Polyester Jacquard,,,84.6
AEV12,Aeva,Navy,100% Polyester Chiffon,,,185.0
LUS12,Lush,Noir,100% Polyester Chiffon,,,0.0
ORI12,Oris,Teal,100% Polyester Chiffon,,,0.0
TOI12,Toile,Blu,100% Polyester Chiffon,,,132.85
ORI41,Oris,Teal,"Cotton Poplin Lycra, 97% cotton poplin, 3% elastane(n)",,,0.0
TOI41,Toile,Blu,"Cotton Poplin Lycra, 97% cotton poplin, 3% elastane(n)",,,22.6
TIK41,Tiki,Orange,"Cotton Poplin Lycra, 97% cotton poplin, 3% elastane(n)",,,153.44
AEV41,Aeva,Navy,"Cotton Poplin Lycra, 97% cotton poplin, 3% elastane(n)",,,140.8
OND27,Ondas,Blanc,100% cotton,,,113.35
ZHY12,Zhy,Noir,100% polyester chiffon,,,133.6
LUZ12,Luze,Ivory,100% polyester chiffon,,,86.0
PET12,Petal,Noir,100% polyester chiffon,,,89.0
COL08,Colita,Orange,100% Polyester Jacquard,,,90.0
ZEP08,Zeph,Teal,100% Polyester Jacquard,,,70.9
AUR08,Aura,Red,100% Polyester Jacquard,,,1.08
AUR12,Aura,Red,100% Polyester Chiffon,,,106.0
AUR08,Aura,Rouge,100% Polyester Jacquard,,,0.0
TOY08,Toya,Teal,100% Polyester Jacquard,,,207.16
AYE29,Ayel,Copper,"96% Polyester, 4% Spandex (Ayel Weave)",,,220.46
AYE29,Ayel,Blu,"96% Polyester, 4% Spandex (Ayel Weave)",,,0.0
ORI64,Oris,Teal,pre-fabrication composition - not defined - 64,,,0.0
SAN08,Sano,Rose,100% Polyester Jacquard,,,0.0
ULA08,Ula,Mint,100% Polyester Jacquard,,,272.6
ULA08,Ula,Navy,100% Polyester Jacquard,,,300.72
SIR08,Sira,Rose,100% Polyester Jacquard,,,131.1
SIR08,Sira,Blu,100% Polyester Jacquard,,,79.1
CAR08,Caru,Olive,100% Polyester Jacquard,,,37.9
CAR12,Caru,Olive,100% Polyester Chiffon,,,0.0
TIM12,Tima,Mint,100% Polyester Chiffon,,,43.0
NIL12,Nilo,Rose,100% Polyester Chiffon,,,0.0
SAN12,Sano,Rose,100% Polyester Chiffon,,,48.9
ULA12,Ula,Mint,100% Polyester Chiffon,,,0.0
ULA12,Ula,Noir,100% Polyester Chiffon,,,37.8
ZIM08,Zima,Noir,100% Polyester Jacquard,,,117.24
ULA08,Ula,Noir,100% Polyester Jacquard,,26,139.3
LIL32,Lilo,Navy,"Cotton Poplin Lycra, 97% cotton poplin, 3% elastane(n)",,,0.0
MAG40,Magma,Orange,100% FSC Sustainable Viscose,,,0.0
LOA40,Loa,Blu,100% FSC Sustainable Viscose,,,0.0
ELI40,Elia,Olive,100% FSC Sustainable Viscose,,,0.0
LIL40,Lilo,Navy,100% FSC Sustainable Viscose,,,0.0
VIN40,Vinae,Olive,100% FSC Sustainable Viscose,,,0.0
CAS08,Castle Hill,Noir,100% Polyester Jacquard,,,231.84
AMO08,Amor,Rose,100% Polyester Jacquard,,,0.0
ELL08,Elle,Rose,100% Polyester Jacquard,,,0.0
DOR08,Dorada,Gold,100% Polyester Jacquard,,,181.28
CAS40,Castle Hill,Noir,100% FSC Sustainable Viscose,,,0.0
AMO40,Amor,Rose,100% FSC Sustainable Viscose,,,0.0
ELL40,Elle,Rose,100% FSC Sustainable Viscose,,,0.0
DOR40,Dorada,Gold,100% FSC Sustainable Viscose,,,0.0
LOA12,Loa,Blu,100% polyester chiffon,,,34.8
VIN12,Vinae,Olive,100% polyester chiffon,,,1.0
LIL12,Lilo,Navy,100% polyester chiffon,,,0.0
VIN12,Vinae,Rose,100% polyester chiffon,,,11.4
RAK08,Raki,Orange,100% Polyester Jacquard,,,55.7
MIR08,Mira,Teal,100% Polyester Jacquard,,,0.0
MAG08,Magma,Orange,100% Polyester Jacquard,,,1.5
ELI08,Elia,Olive,100% Polyester Jacquard,,,2.54
MIR41,Mira,Teal,"Cotton Poplin Lycra, 97% cotton poplin, 3% elastane(n)",,,0.0
ELI41,Elia,Olive,"Cotton Poplin Lycra, 97% cotton poplin, 3% elastane(n)",,,0.0
MAG41,Magma,Orange,"Cotton Poplin Lycra, 97% cotton poplin, 3% elastane(n)",,,0.0
OMB08,Ombra,Popsicle,100% Polyester Jacquard,,,0.3
LOA08,Loa,Blu,100% Polyester Jacquard,,,165.8
KHE28,Kheff,Noir,100% Cotton,,,108.7
LIN09,Lines,Coral,100% Sustainable Lyocell Crepe,,,135.14
